"","V1"
"1","DERMASON"
"2","CALI"
"3","SEKER"
"4","SIRA"
"5","CALI"
"6","HOROZ"
"7","SIRA"
"8","DERMASON"
"9","DERMASON"
"10","DERMASON"
"11","HOROZ"
"12","HOROZ"
"13","SEKER"
"14","CALI"
"15","SEKER"
"16","DERMASON"
"17","CALI"
"18","DERMASON"
"19","BOMBAY"
"20","SEKER"
"21","SIRA"
"22","SEKER"
"23","HOROZ"
"24","SIRA"
"25","BOMBAY"
"26","SEKER"
"27","HOROZ"
"28","SIRA"
"29","SEKER"
"30","DERMASON"
"31","SIRA"
"32","SEKER"
"33","SIRA"
"34","SIRA"
"35","BOMBAY"
"36","HOROZ"
"37","SIRA"
"38","DERMASON"
"39","CALI"
"40","SIRA"
"41","SIRA"
"42","BOMBAY"
"43","BOMBAY"
"44","HOROZ"
"45","SEKER"
"46","BOMBAY"
"47","SEKER"
"48","SEKER"
"49","SEKER"
"50","SIRA"
"51","HOROZ"
"52","DERMASON"
"53","CALI"
"54","HOROZ"
"55","HOROZ"
"56","SIRA"
"57","SIRA"
"58","DERMASON"
"59","BOMBAY"
"60","DERMASON"
"61","DERMASON"
"62","BOMBAY"
"63","SIRA"
"64","HOROZ"
"65","SIRA"
"66","DERMASON"
"67","SEKER"
"68","DERMASON"
"69","CALI"
"70","DERMASON"
"71","HOROZ"
"72","DERMASON"
"73","HOROZ"
"74","DERMASON"
"75","SIRA"
"76","CALI"
"77","SEKER"
"78","SIRA"
"79","HOROZ"
"80","HOROZ"
"81","SIRA"
"82","HOROZ"
"83","SIRA"
"84","DERMASON"
"85","CALI"
"86","DERMASON"
"87","BOMBAY"
"88","BOMBAY"
"89","DERMASON"
"90","HOROZ"
"91","SIRA"
"92","CALI"
"93","CALI"
"94","DERMASON"
"95","BOMBAY"
"96","BOMBAY"
"97","BOMBAY"
"98","BOMBAY"
"99","CALI"
"100","DERMASON"
"101","CALI"
"102","CALI"
"103","HOROZ"
"104","HOROZ"
"105","SIRA"
"106","DERMASON"
"107","SEKER"
"108","CALI"
"109","SEKER"
"110","SEKER"
"111","DERMASON"
"112","SIRA"
"113","HOROZ"
"114","SEKER"
"115","SIRA"
"116","DERMASON"
"117","SIRA"
"118","HOROZ"
"119","SEKER"
"120","BOMBAY"
"121","BOMBAY"
"122","DERMASON"
"123","CALI"
"124","CALI"
"125","SIRA"
"126","DERMASON"
"127","SIRA"
"128","HOROZ"
"129","SIRA"
"130","DERMASON"
"131","SIRA"
"132","DERMASON"
"133","SIRA"
"134","SEKER"
"135","BOMBAY"
"136","DERMASON"
"137","DERMASON"
"138","HOROZ"
"139","BOMBAY"
"140","HOROZ"
"141","SEKER"
"142","SIRA"
"143","SIRA"
"144","BOMBAY"
"145","BOMBAY"
"146","DERMASON"
"147","SEKER"
"148","CALI"
"149","SEKER"
"150","SEKER"
"151","CALI"
"152","SEKER"
"153","SIRA"
"154","BOMBAY"
"155","DERMASON"
"156","DERMASON"
"157","DERMASON"
"158","BOMBAY"
"159","SIRA"
"160","SEKER"
"161","SEKER"
"162","CALI"
"163","BOMBAY"
"164","BOMBAY"
"165","BOMBAY"
"166","CALI"
"167","SEKER"
"168","CALI"
"169","BOMBAY"
"170","HOROZ"
"171","HOROZ"
"172","SEKER"
"173","HOROZ"
"174","CALI"
"175","CALI"
"176","SEKER"
"177","BOMBAY"
"178","HOROZ"
"179","CALI"
"180","DERMASON"
"181","SEKER"
"182","SIRA"
"183","CALI"
"184","DERMASON"
"185","DERMASON"
"186","DERMASON"
"187","SIRA"
"188","SEKER"
"189","CALI"
"190","CALI"
"191","DERMASON"
"192","SEKER"
"193","SEKER"
"194","DERMASON"
"195","BOMBAY"
"196","CALI"
"197","BOMBAY"
"198","CALI"
"199","BOMBAY"
"200","HOROZ"
"201","DERMASON"
"202","DERMASON"
"203","BOMBAY"
"204","BOMBAY"
"205","BOMBAY"
"206","DERMASON"
"207","HOROZ"
"208","SEKER"
"209","SIRA"
"210","CALI"
"211","SEKER"
"212","DERMASON"
"213","BOMBAY"
"214","SEKER"
"215","SEKER"
"216","SIRA"
"217","SEKER"
"218","HOROZ"
"219","HOROZ"
"220","CALI"
"221","DERMASON"
"222","DERMASON"
"223","BOMBAY"
"224","BOMBAY"
"225","CALI"
"226","BOMBAY"
"227","SEKER"
"228","BOMBAY"
"229","DERMASON"
"230","SEKER"
"231","BOMBAY"
"232","DERMASON"
"233","SIRA"
"234","HOROZ"
"235","SEKER"
"236","SEKER"
"237","DERMASON"
"238","SEKER"
"239","BOMBAY"
"240","CALI"
"241","SEKER"
"242","SIRA"
"243","SIRA"
"244","SEKER"
"245","BOMBAY"
"246","DERMASON"
"247","SIRA"
"248","DERMASON"
"249","CALI"
"250","HOROZ"
"251","HOROZ"
"252","DERMASON"
"253","CALI"
"254","CALI"
"255","SEKER"
"256","SEKER"
"257","HOROZ"
"258","SIRA"
"259","BOMBAY"
"260","SIRA"
"261","BOMBAY"
"262","DERMASON"
"263","HOROZ"
"264","BOMBAY"
"265","BOMBAY"
"266","SIRA"
"267","SEKER"
"268","SIRA"
"269","SIRA"
"270","BOMBAY"
"271","CALI"
"272","SIRA"
"273","BOMBAY"
"274","HOROZ"
"275","BOMBAY"
"276","DERMASON"
"277","CALI"
"278","CALI"
"279","SEKER"
"280","BOMBAY"
"281","SIRA"
"282","CALI"
"283","BOMBAY"
"284","SEKER"
"285","SIRA"
"286","CALI"
"287","CALI"
"288","HOROZ"
"289","SIRA"
"290","SEKER"
"291","SEKER"
"292","BOMBAY"
"293","BOMBAY"
"294","CALI"
"295","SEKER"
"296","CALI"
"297","SEKER"
"298","CALI"
"299","SIRA"
"300","HOROZ"
"301","BOMBAY"
"302","SIRA"
"303","BOMBAY"
"304","SEKER"
"305","HOROZ"
"306","DERMASON"
"307","HOROZ"
"308","DERMASON"
"309","BOMBAY"
"310","DERMASON"
"311","SEKER"
"312","HOROZ"
"313","CALI"
"314","CALI"
"315","SEKER"
"316","SIRA"
"317","DERMASON"
"318","SIRA"
"319","CALI"
"320","SIRA"
"321","HOROZ"
"322","DERMASON"
"323","SIRA"
"324","CALI"
"325","DERMASON"
"326","CALI"
"327","HOROZ"
"328","BOMBAY"
"329","DERMASON"
"330","SEKER"
"331","DERMASON"
"332","SIRA"
"333","BOMBAY"
"334","SIRA"
"335","CALI"
"336","HOROZ"
"337","BOMBAY"
"338","HOROZ"
"339","SIRA"
"340","CALI"
"341","BOMBAY"
"342","HOROZ"
"343","SIRA"
"344","SIRA"
"345","SIRA"
"346","DERMASON"
"347","HOROZ"
"348","HOROZ"
"349","HOROZ"
"350","DERMASON"
"351","DERMASON"
"352","CALI"
"353","SIRA"
"354","SEKER"
"355","DERMASON"
"356","SIRA"
"357","SEKER"
"358","BOMBAY"
"359","HOROZ"
"360","SEKER"
"361","DERMASON"
"362","BOMBAY"
"363","DERMASON"
"364","HOROZ"
"365","SIRA"
"366","SEKER"
"367","SIRA"
"368","CALI"
"369","SIRA"
"370","CALI"
"371","HOROZ"
"372","BOMBAY"
"373","SIRA"
"374","CALI"
"375","SIRA"
"376","SIRA"
"377","SIRA"
"378","DERMASON"
"379","HOROZ"
"380","BOMBAY"
"381","BOMBAY"
"382","CALI"
"383","HOROZ"
"384","CALI"
"385","HOROZ"
"386","BOMBAY"
"387","SIRA"
"388","SEKER"
"389","SIRA"
"390","SIRA"
"391","CALI"
"392","HOROZ"
"393","CALI"
"394","CALI"
"395","SEKER"
"396","CALI"
"397","CALI"
"398","DERMASON"
"399","HOROZ"
"400","HOROZ"
"401","SEKER"
"402","SIRA"
"403","SIRA"
"404","BOMBAY"
"405","CALI"
"406","SIRA"
"407","BOMBAY"
"408","CALI"
"409","CALI"
"410","CALI"
"411","CALI"
"412","DERMASON"
"413","DERMASON"
"414","BOMBAY"
"415","BOMBAY"
"416","DERMASON"
"417","HOROZ"
"418","BOMBAY"
"419","HOROZ"
"420","BOMBAY"
"421","SIRA"
"422","CALI"
"423","BOMBAY"
"424","SEKER"
"425","HOROZ"
"426","CALI"
"427","DERMASON"
"428","SIRA"
"429","BOMBAY"
"430","SEKER"
"431","BOMBAY"
"432","BOMBAY"
"433","BOMBAY"
"434","HOROZ"
"435","HOROZ"
"436","BOMBAY"
"437","SEKER"
"438","HOROZ"
"439","BOMBAY"
"440","DERMASON"
"441","SIRA"
"442","DERMASON"
"443","SIRA"
"444","SEKER"
"445","SEKER"
"446","CALI"
"447","HOROZ"
"448","SIRA"
"449","DERMASON"
"450","BOMBAY"
"451","CALI"
"452","SEKER"
"453","HOROZ"
"454","CALI"
"455","BOMBAY"
"456","DERMASON"
"457","SIRA"
"458","SEKER"
"459","HOROZ"
"460","SIRA"
"461","CALI"
"462","SEKER"
"463","SIRA"
"464","CALI"
"465","CALI"
"466","SIRA"
"467","CALI"
"468","HOROZ"
"469","DERMASON"
"470","SEKER"
"471","BOMBAY"
"472","CALI"
"473","CALI"
"474","DERMASON"
"475","HOROZ"
"476","HOROZ"
"477","HOROZ"
"478","SIRA"
"479","SEKER"
"480","SIRA"
"481","DERMASON"
"482","BOMBAY"
"483","DERMASON"
"484","DERMASON"
"485","BOMBAY"
"486","HOROZ"
"487","SIRA"
"488","CALI"
"489","SIRA"
"490","DERMASON"
"491","BOMBAY"
"492","SIRA"
"493","SEKER"
"494","HOROZ"
"495","CALI"
"496","BOMBAY"
"497","CALI"
"498","CALI"
"499","CALI"
"500","SEKER"
"501","HOROZ"
"502","DERMASON"
"503","CALI"
"504","SEKER"
"505","HOROZ"
"506","CALI"
"507","CALI"
"508","CALI"
"509","CALI"
"510","SEKER"
"511","DERMASON"
"512","SIRA"
"513","HOROZ"
"514","BOMBAY"
"515","SIRA"
"516","BOMBAY"
"517","BOMBAY"
"518","BOMBAY"
"519","SEKER"
"520","DERMASON"
"521","SIRA"
"522","HOROZ"
"523","DERMASON"
"524","BOMBAY"
"525","CALI"
"526","SIRA"
"527","SIRA"
"528","SIRA"
"529","DERMASON"
"530","SIRA"
"531","HOROZ"
"532","HOROZ"
"533","SIRA"
"534","CALI"
"535","HOROZ"
"536","DERMASON"
"537","CALI"
"538","DERMASON"
"539","CALI"
"540","SIRA"
"541","DERMASON"
"542","DERMASON"
"543","BOMBAY"
"544","DERMASON"
"545","HOROZ"
"546","HOROZ"
"547","CALI"
"548","SIRA"
"549","DERMASON"
"550","HOROZ"
"551","DERMASON"
"552","BOMBAY"
"553","BOMBAY"
"554","SIRA"
"555","SIRA"
"556","HOROZ"
"557","DERMASON"
"558","BOMBAY"
"559","HOROZ"
"560","DERMASON"
"561","BOMBAY"
"562","SEKER"
"563","SIRA"
"564","BOMBAY"
"565","CALI"
"566","HOROZ"
"567","SIRA"
"568","SIRA"
"569","HOROZ"
"570","SIRA"
"571","HOROZ"
"572","HOROZ"
"573","BOMBAY"
"574","SEKER"
"575","CALI"
"576","SIRA"
"577","BOMBAY"
"578","BOMBAY"
"579","HOROZ"
"580","CALI"
"581","HOROZ"
"582","SEKER"
"583","CALI"
"584","SEKER"
"585","BOMBAY"
"586","SIRA"
"587","BOMBAY"
"588","CALI"
"589","SIRA"
"590","SIRA"
"591","CALI"
"592","DERMASON"
"593","SIRA"
"594","SEKER"
"595","HOROZ"
"596","DERMASON"
"597","SIRA"
"598","DERMASON"
"599","BOMBAY"
"600","SIRA"
"601","DERMASON"
"602","SEKER"
"603","DERMASON"
"604","DERMASON"
"605","HOROZ"
"606","SIRA"
"607","SEKER"
"608","SEKER"
"609","DERMASON"
"610","BOMBAY"
"611","HOROZ"
"612","DERMASON"
"613","CALI"
"614","DERMASON"
"615","BOMBAY"
"616","CALI"
"617","HOROZ"
"618","HOROZ"
"619","DERMASON"
"620","HOROZ"
"621","SIRA"
"622","CALI"
"623","CALI"
"624","BOMBAY"
"625","SIRA"
"626","HOROZ"
"627","DERMASON"
"628","CALI"
"629","SEKER"
"630","HOROZ"
"631","DERMASON"
"632","SEKER"
"633","CALI"
"634","CALI"
"635","SEKER"
"636","HOROZ"
"637","SEKER"
"638","DERMASON"
"639","DERMASON"
"640","SIRA"
"641","CALI"
"642","CALI"
"643","BOMBAY"
"644","DERMASON"
"645","HOROZ"
"646","HOROZ"
"647","CALI"
"648","DERMASON"
"649","SEKER"
"650","DERMASON"
"651","CALI"
"652","BOMBAY"
"653","DERMASON"
"654","SEKER"
"655","DERMASON"
"656","HOROZ"
"657","SIRA"
"658","HOROZ"
"659","SEKER"
"660","CALI"
"661","SIRA"
"662","SEKER"
"663","CALI"
"664","SEKER"
"665","CALI"
"666","SEKER"
"667","CALI"
"668","CALI"
"669","CALI"
"670","SIRA"
"671","BOMBAY"
"672","SIRA"
"673","SEKER"
"674","SIRA"
"675","DERMASON"
"676","SIRA"
"677","SEKER"
"678","CALI"
"679","HOROZ"
"680","HOROZ"
"681","DERMASON"
"682","BOMBAY"
"683","DERMASON"
"684","DERMASON"
"685","DERMASON"
"686","CALI"
"687","SEKER"
"688","BOMBAY"
"689","CALI"
"690","DERMASON"
"691","DERMASON"
"692","CALI"
"693","BOMBAY"
"694","CALI"
"695","SIRA"
"696","BOMBAY"
"697","DERMASON"
"698","CALI"
"699","HOROZ"
"700","HOROZ"
"701","CALI"
"702","SEKER"
"703","BOMBAY"
"704","SIRA"
"705","DERMASON"
"706","SIRA"
"707","CALI"
"708","SEKER"
"709","HOROZ"
"710","SEKER"
"711","HOROZ"
"712","SEKER"
"713","BOMBAY"
"714","DERMASON"
"715","SIRA"
"716","BOMBAY"
"717","SEKER"
"718","DERMASON"
"719","BOMBAY"
"720","CALI"
"721","CALI"
"722","HOROZ"
"723","HOROZ"
"724","CALI"
"725","SIRA"
"726","SIRA"
"727","SEKER"
"728","BOMBAY"
"729","DERMASON"
"730","BOMBAY"
"731","DERMASON"
"732","CALI"
"733","BOMBAY"
"734","BOMBAY"
"735","CALI"
"736","BOMBAY"
"737","SEKER"
"738","SIRA"
"739","CALI"
"740","HOROZ"
"741","HOROZ"
"742","CALI"
"743","BOMBAY"
"744","SIRA"
"745","BOMBAY"
"746","BOMBAY"
"747","CALI"
"748","SEKER"
"749","BOMBAY"
"750","SIRA"
"751","SIRA"
"752","CALI"
"753","SIRA"
"754","BOMBAY"
"755","BOMBAY"
"756","CALI"
"757","BOMBAY"
"758","DERMASON"
"759","DERMASON"
"760","BOMBAY"
"761","SIRA"
"762","SEKER"
"763","BOMBAY"
"764","SEKER"
"765","BOMBAY"
"766","SIRA"
"767","DERMASON"
"768","CALI"
"769","CALI"
"770","CALI"
"771","SIRA"
"772","DERMASON"
"773","BOMBAY"
"774","SIRA"
"775","CALI"
"776","SIRA"
"777","SEKER"
"778","BOMBAY"
"779","CALI"
"780","SIRA"
"781","DERMASON"
"782","DERMASON"
"783","SEKER"
"784","DERMASON"
"785","DERMASON"
"786","BOMBAY"
"787","HOROZ"
"788","SIRA"
"789","SEKER"
"790","HOROZ"
"791","CALI"
"792","HOROZ"
"793","DERMASON"
"794","BOMBAY"
"795","SEKER"
"796","CALI"
"797","SEKER"
"798","CALI"
"799","BOMBAY"
"800","BOMBAY"
"801","HOROZ"
"802","SIRA"
"803","SEKER"
"804","HOROZ"
"805","BOMBAY"
"806","SEKER"
"807","CALI"
"808","HOROZ"
"809","CALI"
"810","HOROZ"
"811","BOMBAY"
"812","SEKER"
"813","BOMBAY"
"814","CALI"
"815","DERMASON"
"816","SIRA"
"817","HOROZ"
"818","BOMBAY"
"819","BOMBAY"
"820","DERMASON"
"821","SIRA"
"822","HOROZ"
"823","CALI"
"824","SEKER"
"825","HOROZ"
"826","CALI"
"827","SEKER"
"828","CALI"
"829","BOMBAY"
"830","SEKER"
"831","DERMASON"
"832","SIRA"
"833","CALI"
"834","HOROZ"
"835","HOROZ"
"836","BOMBAY"
"837","HOROZ"
"838","BOMBAY"
"839","SEKER"
"840","SIRA"
"841","BOMBAY"
"842","CALI"
"843","DERMASON"
"844","DERMASON"
"845","DERMASON"
"846","HOROZ"
"847","CALI"
"848","BOMBAY"
"849","HOROZ"
"850","DERMASON"
"851","DERMASON"
"852","CALI"
"853","CALI"
"854","SEKER"
"855","SEKER"
"856","DERMASON"
"857","HOROZ"
"858","CALI"
"859","HOROZ"
"860","SEKER"
"861","CALI"
"862","DERMASON"
"863","CALI"
"864","SIRA"
"865","DERMASON"
"866","HOROZ"
"867","CALI"
"868","SEKER"
"869","BOMBAY"
"870","BOMBAY"
"871","DERMASON"
"872","SIRA"
"873","BOMBAY"
"874","BOMBAY"
"875","SIRA"
"876","SIRA"
"877","HOROZ"
"878","HOROZ"
"879","HOROZ"
"880","CALI"
"881","CALI"
"882","CALI"
"883","DERMASON"
"884","HOROZ"
"885","HOROZ"
"886","SEKER"
"887","BOMBAY"
"888","DERMASON"
"889","HOROZ"
"890","SEKER"
"891","CALI"
"892","CALI"
"893","CALI"
"894","BOMBAY"
"895","BOMBAY"
"896","DERMASON"
"897","DERMASON"
"898","SIRA"
"899","SIRA"
"900","SIRA"
"901","BOMBAY"
"902","CALI"
"903","SEKER"
"904","HOROZ"
"905","HOROZ"
"906","SEKER"
"907","DERMASON"
"908","SIRA"
"909","SIRA"
"910","HOROZ"
"911","SEKER"
"912","SEKER"
"913","CALI"
"914","HOROZ"
"915","CALI"
"916","DERMASON"
"917","CALI"
"918","CALI"
"919","HOROZ"
"920","SEKER"
"921","SIRA"
"922","DERMASON"
"923","SIRA"
"924","DERMASON"
"925","CALI"
"926","SEKER"
"927","CALI"
"928","SIRA"
"929","DERMASON"
"930","SEKER"
"931","DERMASON"
"932","HOROZ"
"933","BOMBAY"
"934","CALI"
"935","SIRA"
"936","HOROZ"
"937","BOMBAY"
"938","SEKER"
"939","SIRA"
"940","CALI"
"941","DERMASON"
"942","SEKER"
"943","SIRA"
"944","SEKER"
"945","BOMBAY"
"946","HOROZ"
"947","DERMASON"
"948","HOROZ"
"949","DERMASON"
"950","BOMBAY"
"951","SIRA"
"952","SIRA"
"953","CALI"
"954","SIRA"
"955","CALI"
"956","BOMBAY"
"957","CALI"
"958","SEKER"
"959","DERMASON"
"960","SIRA"
"961","SIRA"
"962","HOROZ"
"963","HOROZ"
"964","HOROZ"
"965","CALI"
"966","DERMASON"
"967","HOROZ"
"968","DERMASON"
"969","BOMBAY"
"970","DERMASON"
"971","SIRA"
"972","DERMASON"
"973","CALI"
"974","BOMBAY"
"975","CALI"
"976","HOROZ"
"977","HOROZ"
"978","HOROZ"
"979","SIRA"
"980","SEKER"
"981","DERMASON"
"982","HOROZ"
"983","CALI"
"984","CALI"
"985","SIRA"
"986","DERMASON"
"987","HOROZ"
"988","HOROZ"
"989","SEKER"
"990","CALI"
"991","SIRA"
"992","HOROZ"
"993","SEKER"
"994","DERMASON"
"995","SEKER"
"996","HOROZ"
"997","SIRA"
"998","BOMBAY"
"999","DERMASON"
"1000","BOMBAY"
"1001","HOROZ"
"1002","BOMBAY"
"1003","HOROZ"
"1004","CALI"
"1005","HOROZ"
"1006","HOROZ"
"1007","DERMASON"
"1008","DERMASON"
"1009","HOROZ"
"1010","CALI"
"1011","HOROZ"
"1012","SEKER"
"1013","SIRA"
"1014","CALI"
"1015","SEKER"
"1016","BOMBAY"
"1017","BOMBAY"
"1018","SIRA"
"1019","HOROZ"
"1020","HOROZ"
"1021","CALI"
"1022","SIRA"
"1023","CALI"
"1024","SIRA"
"1025","SEKER"
"1026","SEKER"
"1027","DERMASON"
"1028","BOMBAY"
"1029","SIRA"
"1030","SIRA"
"1031","SIRA"
"1032","SIRA"
"1033","HOROZ"
"1034","BOMBAY"
"1035","CALI"
"1036","SEKER"
"1037","BOMBAY"
"1038","SIRA"
"1039","HOROZ"
"1040","SIRA"
"1041","DERMASON"
"1042","SEKER"
"1043","SEKER"
"1044","SIRA"
"1045","DERMASON"
"1046","CALI"
"1047","CALI"
"1048","SEKER"
"1049","CALI"
"1050","HOROZ"
"1051","SIRA"
"1052","DERMASON"
"1053","SEKER"
"1054","SIRA"
"1055","BOMBAY"
"1056","CALI"
"1057","HOROZ"
"1058","HOROZ"
"1059","SIRA"
"1060","BOMBAY"
"1061","DERMASON"
"1062","CALI"
"1063","SIRA"
"1064","BOMBAY"
"1065","SEKER"
"1066","SEKER"
"1067","HOROZ"
"1068","DERMASON"
"1069","CALI"
"1070","SIRA"
"1071","SIRA"
"1072","HOROZ"
"1073","HOROZ"
"1074","CALI"
"1075","HOROZ"
"1076","DERMASON"
"1077","DERMASON"
"1078","CALI"
"1079","DERMASON"
"1080","SEKER"
"1081","HOROZ"
"1082","BOMBAY"
"1083","BOMBAY"
"1084","CALI"
"1085","DERMASON"
"1086","SEKER"
"1087","BOMBAY"
"1088","CALI"
"1089","SIRA"
"1090","SIRA"
"1091","CALI"
"1092","DERMASON"
"1093","SEKER"
"1094","DERMASON"
"1095","BOMBAY"
"1096","SIRA"
"1097","SEKER"
"1098","HOROZ"
"1099","CALI"
"1100","SEKER"
"1101","SIRA"
"1102","BOMBAY"
"1103","HOROZ"
"1104","HOROZ"
"1105","SEKER"
"1106","DERMASON"
"1107","HOROZ"
"1108","HOROZ"
"1109","BOMBAY"
"1110","SIRA"
"1111","SEKER"
"1112","BOMBAY"
"1113","HOROZ"
"1114","BOMBAY"
"1115","BOMBAY"
"1116","HOROZ"
"1117","CALI"
"1118","SEKER"
"1119","SIRA"
"1120","SIRA"
"1121","SEKER"
"1122","HOROZ"
"1123","HOROZ"
"1124","SIRA"
"1125","DERMASON"
"1126","SIRA"
"1127","SEKER"
"1128","DERMASON"
"1129","BOMBAY"
"1130","BOMBAY"
"1131","SEKER"
"1132","DERMASON"
"1133","DERMASON"
"1134","HOROZ"
"1135","HOROZ"
"1136","SEKER"
"1137","DERMASON"
"1138","CALI"
"1139","BOMBAY"
"1140","SIRA"
"1141","DERMASON"
"1142","BOMBAY"
"1143","CALI"
"1144","SIRA"
"1145","DERMASON"
"1146","CALI"
"1147","CALI"
"1148","SIRA"
"1149","BOMBAY"
"1150","DERMASON"
"1151","CALI"
"1152","HOROZ"
"1153","SEKER"
"1154","CALI"
"1155","SEKER"
"1156","SIRA"
"1157","CALI"
"1158","SIRA"
"1159","CALI"
"1160","DERMASON"
"1161","DERMASON"
"1162","SEKER"
"1163","CALI"
"1164","SEKER"
"1165","SEKER"
"1166","DERMASON"
"1167","BOMBAY"
"1168","SIRA"
"1169","SIRA"
"1170","HOROZ"
"1171","BOMBAY"
"1172","BOMBAY"
"1173","DERMASON"
"1174","CALI"
"1175","BOMBAY"
"1176","DERMASON"
"1177","HOROZ"
"1178","SEKER"
"1179","BOMBAY"
"1180","BOMBAY"
"1181","SEKER"
"1182","SIRA"
"1183","SIRA"
"1184","DERMASON"
"1185","SEKER"
"1186","BOMBAY"
"1187","BOMBAY"
"1188","DERMASON"
"1189","DERMASON"
"1190","BOMBAY"
"1191","SEKER"
"1192","HOROZ"
"1193","HOROZ"
"1194","DERMASON"
"1195","DERMASON"
"1196","SIRA"
"1197","SIRA"
"1198","CALI"
"1199","SIRA"
"1200","HOROZ"
"1201","DERMASON"
"1202","DERMASON"
"1203","SEKER"
"1204","CALI"
"1205","HOROZ"
"1206","HOROZ"
"1207","SEKER"
"1208","HOROZ"
"1209","SEKER"
"1210","SIRA"
"1211","SEKER"
"1212","BOMBAY"
"1213","DERMASON"
"1214","SEKER"
"1215","SIRA"
"1216","CALI"
"1217","DERMASON"
"1218","HOROZ"
"1219","SIRA"
"1220","CALI"
"1221","CALI"
"1222","DERMASON"
"1223","SIRA"
"1224","HOROZ"
"1225","DERMASON"
"1226","BOMBAY"
"1227","SIRA"
"1228","SIRA"
"1229","SEKER"
"1230","SIRA"
"1231","SIRA"
"1232","SIRA"
"1233","HOROZ"
"1234","CALI"
"1235","SEKER"
"1236","HOROZ"
"1237","HOROZ"
"1238","SEKER"
"1239","BOMBAY"
"1240","HOROZ"
"1241","SIRA"
"1242","HOROZ"
"1243","SIRA"
"1244","CALI"
"1245","BOMBAY"
"1246","CALI"
"1247","DERMASON"
"1248","BOMBAY"
"1249","HOROZ"
"1250","HOROZ"
"1251","SEKER"
"1252","SIRA"
"1253","SEKER"
"1254","HOROZ"
"1255","DERMASON"
"1256","BOMBAY"
"1257","HOROZ"
"1258","BOMBAY"
"1259","DERMASON"
"1260","HOROZ"
"1261","BOMBAY"
"1262","HOROZ"
"1263","BOMBAY"
"1264","DERMASON"
"1265","BOMBAY"
"1266","SIRA"
"1267","SEKER"
"1268","BOMBAY"
"1269","SIRA"
"1270","SEKER"
"1271","HOROZ"
"1272","DERMASON"
"1273","CALI"
"1274","CALI"
"1275","BOMBAY"
"1276","DERMASON"
"1277","BOMBAY"
"1278","SIRA"
"1279","SIRA"
"1280","BOMBAY"
"1281","HOROZ"
"1282","DERMASON"
"1283","BOMBAY"
"1284","HOROZ"
"1285","SIRA"
"1286","SEKER"
"1287","SIRA"
"1288","DERMASON"
"1289","HOROZ"
"1290","DERMASON"
"1291","SEKER"
"1292","DERMASON"
"1293","HOROZ"
"1294","SEKER"
"1295","BOMBAY"
"1296","BOMBAY"
"1297","BOMBAY"
"1298","BOMBAY"
"1299","BOMBAY"
"1300","BOMBAY"
"1301","CALI"
"1302","DERMASON"
"1303","CALI"
"1304","DERMASON"
"1305","SIRA"
"1306","SEKER"
"1307","HOROZ"
"1308","SEKER"
"1309","SIRA"
"1310","CALI"
"1311","DERMASON"
"1312","DERMASON"
"1313","CALI"
"1314","HOROZ"
"1315","DERMASON"
"1316","BOMBAY"
"1317","SEKER"
"1318","SIRA"
"1319","CALI"
"1320","BOMBAY"
"1321","HOROZ"
"1322","BOMBAY"
"1323","HOROZ"
"1324","SIRA"
"1325","SEKER"
"1326","CALI"
"1327","SIRA"
"1328","DERMASON"
"1329","SEKER"
"1330","HOROZ"
"1331","DERMASON"
"1332","DERMASON"
"1333","BOMBAY"
"1334","SEKER"
"1335","HOROZ"
"1336","SEKER"
"1337","SIRA"
"1338","HOROZ"
"1339","BOMBAY"
"1340","BOMBAY"
"1341","BOMBAY"
"1342","SIRA"
"1343","SIRA"
"1344","SIRA"
"1345","DERMASON"
"1346","SEKER"
"1347","SEKER"
"1348","HOROZ"
"1349","SIRA"
"1350","SEKER"
"1351","DERMASON"
"1352","HOROZ"
"1353","SIRA"
"1354","SEKER"
"1355","SEKER"
"1356","BOMBAY"
"1357","SIRA"
"1358","HOROZ"
"1359","SIRA"
"1360","CALI"
"1361","SIRA"
"1362","HOROZ"
"1363","HOROZ"
"1364","CALI"
"1365","BOMBAY"
"1366","SEKER"
"1367","DERMASON"
"1368","SEKER"
"1369","SIRA"
"1370","DERMASON"
"1371","BOMBAY"
"1372","DERMASON"
"1373","BOMBAY"
"1374","SEKER"
"1375","DERMASON"
"1376","SEKER"
"1377","HOROZ"
"1378","HOROZ"
"1379","BOMBAY"
"1380","DERMASON"
"1381","DERMASON"
"1382","SIRA"
"1383","BOMBAY"
"1384","SIRA"
"1385","SEKER"
"1386","HOROZ"
"1387","HOROZ"
"1388","SIRA"
"1389","SIRA"
"1390","HOROZ"
"1391","BOMBAY"
"1392","BOMBAY"
"1393","HOROZ"
"1394","BOMBAY"
"1395","BOMBAY"
"1396","SIRA"
"1397","SEKER"
"1398","DERMASON"
"1399","SIRA"
"1400","HOROZ"
"1401","SIRA"
"1402","HOROZ"
"1403","CALI"
"1404","BOMBAY"
"1405","SEKER"
"1406","BOMBAY"
"1407","SEKER"
"1408","HOROZ"
"1409","CALI"
"1410","HOROZ"
"1411","CALI"
"1412","SEKER"
"1413","CALI"
"1414","CALI"
"1415","HOROZ"
"1416","SEKER"
"1417","SEKER"
"1418","CALI"
"1419","SEKER"
"1420","SEKER"
"1421","CALI"
"1422","SEKER"
"1423","SEKER"
"1424","SEKER"
"1425","DERMASON"
"1426","HOROZ"
"1427","SIRA"
"1428","DERMASON"
"1429","CALI"
"1430","SEKER"
"1431","DERMASON"
"1432","BOMBAY"
"1433","SIRA"
"1434","SIRA"
"1435","SIRA"
"1436","CALI"
"1437","HOROZ"
"1438","SEKER"
"1439","CALI"
"1440","CALI"
"1441","SEKER"
"1442","BOMBAY"
"1443","DERMASON"
"1444","CALI"
"1445","HOROZ"
"1446","SIRA"
"1447","DERMASON"
"1448","SIRA"
"1449","SEKER"
"1450","SIRA"
"1451","SEKER"
"1452","BOMBAY"
"1453","CALI"
"1454","SIRA"
"1455","SIRA"
"1456","BOMBAY"
"1457","CALI"
"1458","HOROZ"
"1459","CALI"
"1460","SEKER"
"1461","HOROZ"
"1462","BOMBAY"
"1463","BOMBAY"
"1464","HOROZ"
"1465","SIRA"
"1466","HOROZ"
"1467","HOROZ"
"1468","SEKER"
"1469","SEKER"
"1470","HOROZ"
"1471","SEKER"
"1472","DERMASON"
"1473","SIRA"
"1474","DERMASON"
"1475","CALI"
"1476","HOROZ"
"1477","HOROZ"
"1478","DERMASON"
"1479","SEKER"
"1480","HOROZ"
"1481","BOMBAY"
"1482","DERMASON"
"1483","SEKER"
"1484","DERMASON"
"1485","SEKER"
"1486","SIRA"
"1487","SIRA"
"1488","DERMASON"
"1489","CALI"
"1490","DERMASON"
"1491","BOMBAY"
"1492","BOMBAY"
"1493","CALI"
"1494","CALI"
"1495","HOROZ"
"1496","SEKER"
"1497","HOROZ"
"1498","SIRA"
"1499","BOMBAY"
"1500","DERMASON"
"1501","BOMBAY"
"1502","HOROZ"
"1503","HOROZ"
"1504","SEKER"
"1505","SEKER"
"1506","HOROZ"
"1507","CALI"
"1508","SEKER"
"1509","SEKER"
"1510","SIRA"
"1511","SIRA"
"1512","DERMASON"
"1513","SEKER"
"1514","CALI"
"1515","HOROZ"
"1516","CALI"
"1517","SIRA"
"1518","SIRA"
"1519","DERMASON"
"1520","SEKER"
"1521","SIRA"
"1522","SIRA"
"1523","HOROZ"
"1524","SIRA"
"1525","SIRA"
"1526","CALI"
"1527","SEKER"
"1528","CALI"
"1529","DERMASON"
"1530","CALI"
"1531","SEKER"
"1532","BOMBAY"
"1533","SIRA"
"1534","BOMBAY"
"1535","SIRA"
"1536","SIRA"
"1537","DERMASON"
"1538","CALI"
"1539","HOROZ"
"1540","DERMASON"
"1541","BOMBAY"
"1542","HOROZ"
"1543","SIRA"
"1544","HOROZ"
"1545","CALI"
"1546","CALI"
"1547","CALI"
"1548","CALI"
"1549","BOMBAY"
"1550","DERMASON"
"1551","BOMBAY"
"1552","SIRA"
"1553","SIRA"
"1554","DERMASON"
"1555","DERMASON"
"1556","SEKER"
"1557","HOROZ"
"1558","SIRA"
"1559","CALI"
"1560","SEKER"
"1561","SEKER"
"1562","SIRA"
"1563","DERMASON"
"1564","SEKER"
"1565","SEKER"
"1566","SIRA"
"1567","DERMASON"
"1568","SIRA"
"1569","HOROZ"
"1570","HOROZ"
"1571","SIRA"
"1572","SIRA"
"1573","SIRA"
"1574","SEKER"
"1575","HOROZ"
"1576","DERMASON"
"1577","SEKER"
"1578","HOROZ"
"1579","BOMBAY"
"1580","HOROZ"
"1581","HOROZ"
"1582","SEKER"
"1583","SIRA"
"1584","SEKER"
"1585","SEKER"
"1586","BOMBAY"
"1587","SEKER"
"1588","HOROZ"
"1589","SEKER"
"1590","DERMASON"
"1591","SIRA"
"1592","HOROZ"
"1593","DERMASON"
"1594","SIRA"
"1595","BOMBAY"
"1596","SEKER"
"1597","CALI"
"1598","SEKER"
"1599","BOMBAY"
"1600","SEKER"
"1601","SEKER"
"1602","DERMASON"
"1603","DERMASON"
"1604","DERMASON"
"1605","SEKER"
"1606","HOROZ"
"1607","SIRA"
"1608","SEKER"
"1609","SEKER"
"1610","CALI"
"1611","CALI"
"1612","CALI"
"1613","CALI"
"1614","SIRA"
"1615","SEKER"
"1616","SIRA"
"1617","DERMASON"
"1618","SIRA"
"1619","HOROZ"
"1620","SEKER"
"1621","BOMBAY"
"1622","SEKER"
"1623","SIRA"
"1624","CALI"
"1625","SIRA"
"1626","HOROZ"
"1627","DERMASON"
"1628","SEKER"
"1629","SIRA"
"1630","DERMASON"
"1631","SEKER"
"1632","CALI"
"1633","SEKER"
"1634","SEKER"
"1635","DERMASON"
"1636","SIRA"
"1637","BOMBAY"
"1638","DERMASON"
"1639","SIRA"
"1640","HOROZ"
"1641","SIRA"
"1642","SEKER"
"1643","SIRA"
"1644","CALI"
"1645","CALI"
"1646","SIRA"
"1647","BOMBAY"
"1648","SIRA"
"1649","DERMASON"
"1650","SEKER"
"1651","SIRA"
"1652","SEKER"
"1653","BOMBAY"
"1654","BOMBAY"
"1655","SEKER"
"1656","HOROZ"
"1657","SEKER"
"1658","CALI"
"1659","CALI"
"1660","BOMBAY"
"1661","HOROZ"
"1662","CALI"
"1663","HOROZ"
"1664","SEKER"
"1665","DERMASON"
"1666","CALI"
"1667","BOMBAY"
"1668","DERMASON"
"1669","SIRA"
"1670","BOMBAY"
"1671","CALI"
"1672","SIRA"
"1673","BOMBAY"
"1674","DERMASON"
"1675","SEKER"
"1676","BOMBAY"
"1677","SIRA"
"1678","CALI"
"1679","CALI"
"1680","SEKER"
"1681","BOMBAY"
"1682","DERMASON"
"1683","HOROZ"
"1684","SEKER"
"1685","DERMASON"
"1686","CALI"
"1687","CALI"
"1688","DERMASON"
"1689","DERMASON"
"1690","CALI"
"1691","BOMBAY"
"1692","SIRA"
"1693","DERMASON"
"1694","SEKER"
"1695","DERMASON"
"1696","SEKER"
"1697","CALI"
"1698","BOMBAY"
"1699","SIRA"
"1700","SEKER"
"1701","BOMBAY"
"1702","CALI"
"1703","SEKER"
"1704","SIRA"
"1705","BOMBAY"
"1706","BOMBAY"
"1707","CALI"
"1708","DERMASON"
"1709","SEKER"
"1710","BOMBAY"
"1711","DERMASON"
"1712","BOMBAY"
"1713","SIRA"
"1714","SIRA"
"1715","SIRA"
"1716","SIRA"
"1717","SIRA"
"1718","CALI"
"1719","BOMBAY"
"1720","SIRA"
"1721","SEKER"
"1722","CALI"
"1723","SEKER"
"1724","HOROZ"
"1725","SEKER"
"1726","DERMASON"
"1727","HOROZ"
"1728","HOROZ"
"1729","BOMBAY"
"1730","SIRA"
"1731","SIRA"
"1732","SEKER"
"1733","SEKER"
"1734","HOROZ"
"1735","BOMBAY"
"1736","SEKER"
"1737","SEKER"
"1738","SIRA"
"1739","DERMASON"
"1740","BOMBAY"
"1741","HOROZ"
"1742","SIRA"
"1743","DERMASON"
"1744","DERMASON"
"1745","SIRA"
"1746","DERMASON"
"1747","CALI"
"1748","BOMBAY"
"1749","HOROZ"
"1750","BOMBAY"
"1751","SEKER"
"1752","SIRA"
"1753","DERMASON"
"1754","SIRA"
"1755","SIRA"
"1756","HOROZ"
"1757","SIRA"
"1758","CALI"
"1759","DERMASON"
"1760","CALI"
"1761","CALI"
"1762","DERMASON"
"1763","HOROZ"
"1764","SEKER"
"1765","DERMASON"
"1766","BOMBAY"
"1767","SIRA"
"1768","DERMASON"
"1769","BOMBAY"
"1770","CALI"
"1771","DERMASON"
"1772","CALI"
"1773","SIRA"
"1774","SEKER"
"1775","BOMBAY"
"1776","SIRA"
"1777","SIRA"
"1778","DERMASON"
"1779","SIRA"
"1780","SIRA"
"1781","BOMBAY"
"1782","SEKER"
"1783","CALI"
"1784","CALI"
"1785","HOROZ"
"1786","CALI"
"1787","HOROZ"
"1788","BOMBAY"
"1789","DERMASON"
"1790","BOMBAY"
"1791","BOMBAY"
"1792","BOMBAY"
"1793","SIRA"
"1794","SIRA"
"1795","HOROZ"
"1796","SIRA"
"1797","CALI"
"1798","CALI"
"1799","SEKER"
"1800","BOMBAY"
"1801","HOROZ"
"1802","HOROZ"
"1803","HOROZ"
"1804","SIRA"
"1805","SIRA"
"1806","HOROZ"
"1807","BOMBAY"
"1808","SEKER"
"1809","HOROZ"
"1810","BOMBAY"
"1811","BOMBAY"
"1812","CALI"
"1813","SIRA"
"1814","SEKER"
"1815","CALI"
"1816","CALI"
"1817","HOROZ"
"1818","SEKER"
"1819","BOMBAY"
"1820","HOROZ"
"1821","SEKER"
"1822","SEKER"
"1823","SIRA"
"1824","CALI"
"1825","HOROZ"
"1826","SEKER"
"1827","BOMBAY"
"1828","HOROZ"
"1829","CALI"
"1830","BOMBAY"
"1831","HOROZ"
"1832","DERMASON"
"1833","HOROZ"
"1834","HOROZ"
"1835","SIRA"
"1836","SIRA"
"1837","BOMBAY"
"1838","SEKER"
"1839","SIRA"
"1840","CALI"
"1841","SEKER"
"1842","SEKER"
"1843","DERMASON"
"1844","DERMASON"
"1845","HOROZ"
"1846","SIRA"
"1847","CALI"
"1848","SEKER"
"1849","CALI"
"1850","SEKER"
"1851","SEKER"
"1852","CALI"
"1853","CALI"
"1854","DERMASON"
"1855","BOMBAY"
"1856","BOMBAY"
"1857","SIRA"
"1858","DERMASON"
"1859","DERMASON"
"1860","BOMBAY"
"1861","CALI"
"1862","DERMASON"
"1863","DERMASON"
"1864","DERMASON"
"1865","SIRA"
"1866","DERMASON"
"1867","CALI"
"1868","BOMBAY"
"1869","SIRA"
"1870","HOROZ"
"1871","DERMASON"
"1872","SIRA"
"1873","DERMASON"
"1874","DERMASON"
"1875","HOROZ"
"1876","DERMASON"
"1877","DERMASON"
"1878","BOMBAY"
"1879","DERMASON"
"1880","HOROZ"
"1881","BOMBAY"
"1882","CALI"
"1883","HOROZ"
"1884","DERMASON"
"1885","SIRA"
"1886","HOROZ"
"1887","DERMASON"
"1888","CALI"
"1889","BOMBAY"
"1890","DERMASON"
"1891","HOROZ"
"1892","BOMBAY"
"1893","SIRA"
"1894","SIRA"
"1895","HOROZ"
"1896","BOMBAY"
"1897","SEKER"
"1898","SEKER"
"1899","CALI"
"1900","CALI"
"1901","HOROZ"
"1902","SEKER"
"1903","SEKER"
"1904","DERMASON"
"1905","DERMASON"
"1906","SIRA"
"1907","SEKER"
"1908","SIRA"
"1909","HOROZ"
"1910","DERMASON"
"1911","BOMBAY"
"1912","DERMASON"
"1913","HOROZ"
"1914","SIRA"
"1915","SIRA"
"1916","SEKER"
"1917","BOMBAY"
"1918","DERMASON"
"1919","SEKER"
"1920","BOMBAY"
"1921","HOROZ"
"1922","SIRA"
"1923","CALI"
"1924","BOMBAY"
"1925","HOROZ"
"1926","HOROZ"
"1927","CALI"
"1928","CALI"
"1929","BOMBAY"
"1930","BOMBAY"
"1931","SEKER"
"1932","SEKER"
"1933","HOROZ"
"1934","BOMBAY"
"1935","SEKER"
"1936","DERMASON"
"1937","DERMASON"
"1938","SEKER"
"1939","BOMBAY"
"1940","SIRA"
"1941","SEKER"
"1942","SIRA"
"1943","SIRA"
"1944","SEKER"
"1945","HOROZ"
"1946","CALI"
"1947","CALI"
"1948","BOMBAY"
"1949","SEKER"
"1950","HOROZ"
"1951","HOROZ"
"1952","SEKER"
"1953","BOMBAY"
"1954","HOROZ"
"1955","BOMBAY"
"1956","SIRA"
"1957","DERMASON"
"1958","HOROZ"
"1959","BOMBAY"
"1960","DERMASON"
"1961","DERMASON"
"1962","SIRA"
"1963","SIRA"
"1964","SIRA"
"1965","CALI"
"1966","DERMASON"
"1967","DERMASON"
"1968","SIRA"
"1969","SIRA"
"1970","HOROZ"
"1971","DERMASON"
"1972","CALI"
"1973","BOMBAY"
"1974","SIRA"
"1975","SIRA"
"1976","SIRA"
"1977","DERMASON"
"1978","SIRA"
"1979","SIRA"
"1980","BOMBAY"
"1981","SIRA"
"1982","BOMBAY"
"1983","SIRA"
"1984","HOROZ"
"1985","BOMBAY"
"1986","BOMBAY"
"1987","HOROZ"
"1988","HOROZ"
"1989","BOMBAY"
"1990","HOROZ"
"1991","DERMASON"
"1992","CALI"
"1993","SIRA"
"1994","HOROZ"
"1995","CALI"
"1996","SIRA"
"1997","CALI"
"1998","BOMBAY"
"1999","HOROZ"
"2000","SEKER"
"2001","SEKER"
"2002","DERMASON"
"2003","DERMASON"
"2004","CALI"
"2005","DERMASON"
"2006","CALI"
"2007","SEKER"
"2008","BOMBAY"
"2009","DERMASON"
"2010","CALI"
"2011","SEKER"
"2012","DERMASON"
"2013","SIRA"
"2014","SIRA"
"2015","SIRA"
"2016","HOROZ"
"2017","BOMBAY"
"2018","BOMBAY"
"2019","CALI"
"2020","DERMASON"
"2021","SEKER"
"2022","CALI"
"2023","SIRA"
"2024","CALI"
"2025","CALI"
"2026","DERMASON"
"2027","SIRA"
"2028","HOROZ"
"2029","CALI"
"2030","SIRA"
"2031","HOROZ"
"2032","DERMASON"
"2033","SIRA"
"2034","SIRA"
"2035","DERMASON"
"2036","SIRA"
"2037","DERMASON"
"2038","BOMBAY"
"2039","HOROZ"
"2040","SIRA"
"2041","BOMBAY"
"2042","CALI"
"2043","SEKER"
"2044","SEKER"
"2045","BOMBAY"
"2046","HOROZ"
"2047","CALI"
"2048","SEKER"
"2049","CALI"
"2050","CALI"
"2051","SIRA"
"2052","BOMBAY"
"2053","DERMASON"
"2054","SEKER"
"2055","HOROZ"
"2056","CALI"
"2057","SEKER"
"2058","SEKER"
"2059","HOROZ"
"2060","BOMBAY"
"2061","DERMASON"
"2062","HOROZ"
"2063","HOROZ"
"2064","DERMASON"
"2065","SEKER"
"2066","HOROZ"
"2067","CALI"
"2068","CALI"
"2069","SIRA"
"2070","SEKER"
"2071","HOROZ"
"2072","BOMBAY"
"2073","CALI"
"2074","SIRA"
"2075","HOROZ"
"2076","CALI"
"2077","SEKER"
"2078","SIRA"
"2079","DERMASON"
"2080","SIRA"
"2081","CALI"
"2082","BOMBAY"
"2083","HOROZ"
"2084","SIRA"
"2085","DERMASON"
"2086","BOMBAY"
"2087","SIRA"
"2088","CALI"
"2089","SIRA"
"2090","CALI"
"2091","CALI"
"2092","CALI"
"2093","SIRA"
"2094","HOROZ"
"2095","SIRA"
"2096","SEKER"
"2097","DERMASON"
"2098","SEKER"
"2099","CALI"
"2100","SIRA"
"2101","DERMASON"
"2102","BOMBAY"
"2103","CALI"
"2104","HOROZ"
"2105","CALI"
"2106","DERMASON"
"2107","SEKER"
"2108","SIRA"
"2109","SEKER"
"2110","DERMASON"
"2111","DERMASON"
"2112","CALI"
"2113","CALI"
"2114","CALI"
"2115","DERMASON"
"2116","DERMASON"
"2117","DERMASON"
"2118","BOMBAY"
"2119","HOROZ"
"2120","CALI"
"2121","SIRA"
"2122","SEKER"
"2123","DERMASON"
"2124","SIRA"
"2125","CALI"
"2126","DERMASON"
"2127","SIRA"
"2128","SEKER"
"2129","CALI"
"2130","DERMASON"
"2131","BOMBAY"
"2132","HOROZ"
"2133","CALI"
"2134","HOROZ"
"2135","DERMASON"
"2136","SEKER"
"2137","HOROZ"
"2138","SIRA"
"2139","CALI"
"2140","BOMBAY"
"2141","HOROZ"
"2142","SEKER"
"2143","HOROZ"
"2144","DERMASON"
"2145","SIRA"
"2146","HOROZ"
"2147","SEKER"
"2148","DERMASON"
"2149","DERMASON"
"2150","DERMASON"
"2151","HOROZ"
"2152","BOMBAY"
"2153","DERMASON"
"2154","SEKER"
"2155","SEKER"
"2156","SEKER"
"2157","SEKER"
"2158","DERMASON"
"2159","BOMBAY"
"2160","BOMBAY"
"2161","SIRA"
"2162","DERMASON"
"2163","DERMASON"
"2164","BOMBAY"
"2165","SIRA"
"2166","HOROZ"
"2167","SEKER"
"2168","HOROZ"
"2169","CALI"
"2170","BOMBAY"
"2171","HOROZ"
"2172","BOMBAY"
"2173","SIRA"
"2174","HOROZ"
"2175","SEKER"
"2176","HOROZ"
"2177","BOMBAY"
"2178","SIRA"
"2179","SEKER"
"2180","CALI"
"2181","HOROZ"
"2182","SIRA"
"2183","SEKER"
"2184","SIRA"
"2185","SEKER"
"2186","DERMASON"
"2187","SEKER"
"2188","DERMASON"
"2189","SIRA"
"2190","CALI"
"2191","CALI"
"2192","SIRA"
"2193","BOMBAY"
"2194","CALI"
"2195","BOMBAY"
"2196","BOMBAY"
"2197","HOROZ"
"2198","CALI"
"2199","BOMBAY"
"2200","DERMASON"
"2201","HOROZ"
"2202","SIRA"
"2203","SIRA"
"2204","SEKER"
"2205","HOROZ"
"2206","SEKER"
"2207","BOMBAY"
"2208","CALI"
"2209","DERMASON"
"2210","BOMBAY"
"2211","SEKER"
"2212","SIRA"
"2213","SIRA"
"2214","SEKER"
"2215","CALI"
"2216","CALI"
"2217","CALI"
"2218","SEKER"
"2219","DERMASON"
"2220","CALI"
"2221","SIRA"
"2222","SIRA"
"2223","SIRA"
"2224","CALI"
"2225","HOROZ"
"2226","HOROZ"
"2227","SEKER"
"2228","HOROZ"
"2229","HOROZ"
"2230","SEKER"
"2231","SIRA"
"2232","DERMASON"
"2233","SEKER"
"2234","SIRA"
"2235","HOROZ"
"2236","SIRA"
"2237","SIRA"
"2238","CALI"
"2239","DERMASON"
"2240","CALI"
"2241","SIRA"
"2242","SEKER"
"2243","HOROZ"
"2244","CALI"
"2245","CALI"
"2246","CALI"
"2247","BOMBAY"
"2248","SIRA"
"2249","HOROZ"
"2250","SEKER"
"2251","BOMBAY"
"2252","BOMBAY"
"2253","HOROZ"
"2254","SEKER"
"2255","SIRA"
"2256","CALI"
"2257","BOMBAY"
"2258","CALI"
"2259","SEKER"
"2260","SEKER"
"2261","BOMBAY"
"2262","CALI"
"2263","CALI"
"2264","DERMASON"
"2265","CALI"
"2266","BOMBAY"
"2267","SIRA"
"2268","CALI"
"2269","BOMBAY"
"2270","SIRA"
"2271","SEKER"
"2272","CALI"
"2273","BOMBAY"
"2274","SIRA"
"2275","DERMASON"
"2276","CALI"
"2277","BOMBAY"
"2278","SIRA"
"2279","BOMBAY"
"2280","BOMBAY"
"2281","BOMBAY"
"2282","DERMASON"
"2283","BOMBAY"
"2284","SIRA"
"2285","HOROZ"
"2286","SEKER"
"2287","SEKER"
"2288","BOMBAY"
"2289","CALI"
"2290","DERMASON"
"2291","HOROZ"
"2292","BOMBAY"
"2293","CALI"
"2294","HOROZ"
"2295","SIRA"
"2296","BOMBAY"
"2297","CALI"
"2298","SIRA"
"2299","HOROZ"
"2300","SIRA"
"2301","CALI"
"2302","SIRA"
"2303","BOMBAY"
"2304","BOMBAY"
"2305","HOROZ"
"2306","BOMBAY"
"2307","SIRA"
"2308","DERMASON"
"2309","SIRA"
"2310","DERMASON"
"2311","DERMASON"
"2312","BOMBAY"
"2313","SEKER"
"2314","BOMBAY"
"2315","SEKER"
"2316","DERMASON"
"2317","DERMASON"
"2318","HOROZ"
"2319","CALI"
"2320","SIRA"
"2321","DERMASON"
"2322","SIRA"
"2323","HOROZ"
"2324","SIRA"
"2325","DERMASON"
"2326","SIRA"
"2327","DERMASON"
"2328","DERMASON"
"2329","SIRA"
"2330","CALI"
"2331","HOROZ"
"2332","CALI"
"2333","SIRA"
"2334","SEKER"
"2335","SIRA"
"2336","SIRA"
"2337","HOROZ"
"2338","BOMBAY"
"2339","SIRA"
"2340","HOROZ"
"2341","BOMBAY"
"2342","SIRA"
"2343","CALI"
"2344","HOROZ"
"2345","SIRA"
"2346","SIRA"
"2347","SEKER"
"2348","BOMBAY"
"2349","DERMASON"
"2350","HOROZ"
"2351","CALI"
"2352","SIRA"
"2353","HOROZ"
"2354","CALI"
"2355","CALI"
"2356","HOROZ"
"2357","SIRA"
"2358","SEKER"
"2359","DERMASON"
"2360","SIRA"
"2361","SEKER"
"2362","SEKER"
"2363","SEKER"
"2364","HOROZ"
"2365","SIRA"
"2366","HOROZ"
"2367","DERMASON"
"2368","CALI"
"2369","DERMASON"
"2370","SIRA"
"2371","SEKER"
"2372","SIRA"
"2373","BOMBAY"
"2374","CALI"
"2375","HOROZ"
"2376","HOROZ"
"2377","HOROZ"
"2378","SEKER"
"2379","DERMASON"
"2380","DERMASON"
"2381","HOROZ"
"2382","SIRA"
"2383","SEKER"
"2384","SIRA"
"2385","BOMBAY"
"2386","SEKER"
"2387","SEKER"
"2388","CALI"
"2389","BOMBAY"
"2390","DERMASON"
"2391","SEKER"
"2392","SIRA"
"2393","BOMBAY"
"2394","SIRA"
"2395","BOMBAY"
"2396","CALI"
"2397","DERMASON"
"2398","CALI"
"2399","HOROZ"
"2400","DERMASON"
"2401","BOMBAY"
"2402","BOMBAY"
"2403","DERMASON"
"2404","CALI"
"2405","SIRA"
"2406","SIRA"
"2407","CALI"
"2408","BOMBAY"
"2409","SEKER"
"2410","HOROZ"
"2411","DERMASON"
"2412","HOROZ"
"2413","HOROZ"
"2414","SEKER"
"2415","HOROZ"
"2416","DERMASON"
"2417","CALI"
"2418","HOROZ"
"2419","BOMBAY"
"2420","HOROZ"
"2421","DERMASON"
"2422","SEKER"
"2423","HOROZ"
"2424","SIRA"
"2425","SEKER"
"2426","CALI"
"2427","SIRA"
"2428","SIRA"
"2429","BOMBAY"
"2430","CALI"
"2431","SIRA"
"2432","HOROZ"
"2433","SEKER"
"2434","SEKER"
"2435","HOROZ"
"2436","SIRA"
"2437","CALI"
"2438","SIRA"
"2439","HOROZ"
"2440","SIRA"
"2441","BOMBAY"
"2442","DERMASON"
"2443","DERMASON"
"2444","BOMBAY"
"2445","HOROZ"
"2446","CALI"
"2447","CALI"
"2448","HOROZ"
"2449","CALI"
"2450","SIRA"
"2451","CALI"
"2452","SEKER"
"2453","SIRA"
"2454","CALI"
"2455","BOMBAY"
"2456","SEKER"
"2457","BOMBAY"
"2458","SEKER"
"2459","SEKER"
"2460","SEKER"
"2461","SIRA"
"2462","BOMBAY"
"2463","CALI"
"2464","HOROZ"
"2465","SIRA"
"2466","HOROZ"
"2467","DERMASON"
"2468","DERMASON"
"2469","DERMASON"
"2470","SIRA"
"2471","SIRA"
"2472","DERMASON"
"2473","DERMASON"
"2474","BOMBAY"
"2475","BOMBAY"
"2476","BOMBAY"
"2477","SIRA"
"2478","HOROZ"
"2479","HOROZ"
"2480","CALI"
"2481","SIRA"
"2482","SIRA"
"2483","BOMBAY"
"2484","SEKER"
"2485","BOMBAY"
"2486","SIRA"
"2487","BOMBAY"
"2488","SEKER"
"2489","DERMASON"
"2490","HOROZ"
"2491","HOROZ"
"2492","HOROZ"
"2493","SEKER"
"2494","DERMASON"
"2495","SEKER"
"2496","SIRA"
"2497","HOROZ"
"2498","SIRA"
"2499","DERMASON"
"2500","CALI"
"2501","BOMBAY"
"2502","BOMBAY"
"2503","HOROZ"
"2504","BOMBAY"
"2505","BOMBAY"
"2506","HOROZ"
"2507","SEKER"
"2508","SIRA"
"2509","SIRA"
"2510","BOMBAY"
"2511","CALI"
"2512","HOROZ"
"2513","BOMBAY"
"2514","DERMASON"
"2515","HOROZ"
"2516","CALI"
"2517","HOROZ"
"2518","CALI"
"2519","DERMASON"
"2520","DERMASON"
"2521","BOMBAY"
"2522","SIRA"
"2523","CALI"
"2524","HOROZ"
"2525","SIRA"
"2526","BOMBAY"
"2527","SEKER"
"2528","SEKER"
"2529","HOROZ"
"2530","BOMBAY"
"2531","CALI"
"2532","HOROZ"
"2533","DERMASON"
"2534","CALI"
"2535","SEKER"
"2536","CALI"
"2537","HOROZ"
"2538","BOMBAY"
"2539","CALI"
"2540","BOMBAY"
"2541","CALI"
"2542","BOMBAY"
"2543","SIRA"
"2544","HOROZ"
"2545","SEKER"
"2546","DERMASON"
"2547","DERMASON"
"2548","DERMASON"
"2549","CALI"
"2550","SIRA"
"2551","DERMASON"
"2552","BOMBAY"
"2553","SIRA"
"2554","SEKER"
"2555","HOROZ"
"2556","SEKER"
"2557","DERMASON"
"2558","SEKER"
"2559","SEKER"
"2560","BOMBAY"
"2561","HOROZ"
"2562","HOROZ"
"2563","SEKER"
"2564","DERMASON"
"2565","SIRA"
"2566","SEKER"
"2567","BOMBAY"
"2568","HOROZ"
"2569","SIRA"
"2570","BOMBAY"
"2571","BOMBAY"
"2572","BOMBAY"
"2573","HOROZ"
"2574","SEKER"
"2575","HOROZ"
"2576","HOROZ"
"2577","BOMBAY"
"2578","BOMBAY"
"2579","DERMASON"
"2580","DERMASON"
"2581","SEKER"
"2582","HOROZ"
"2583","DERMASON"
"2584","CALI"
"2585","CALI"
"2586","DERMASON"
"2587","HOROZ"
"2588","CALI"
"2589","HOROZ"
"2590","DERMASON"
"2591","BOMBAY"
"2592","HOROZ"
"2593","BOMBAY"
"2594","BOMBAY"
"2595","SEKER"
"2596","DERMASON"
"2597","BOMBAY"
"2598","SEKER"
"2599","DERMASON"
"2600","BOMBAY"
"2601","DERMASON"
"2602","BOMBAY"
"2603","SEKER"
"2604","CALI"
"2605","CALI"
"2606","BOMBAY"
"2607","CALI"
"2608","SEKER"
"2609","BOMBAY"
"2610","CALI"
"2611","DERMASON"
"2612","BOMBAY"
"2613","SEKER"
"2614","CALI"
"2615","BOMBAY"
"2616","SEKER"
"2617","DERMASON"
"2618","SEKER"
"2619","CALI"
"2620","BOMBAY"
"2621","DERMASON"
"2622","DERMASON"
"2623","SIRA"
"2624","BOMBAY"
"2625","SEKER"
"2626","SIRA"
"2627","SIRA"
"2628","HOROZ"
"2629","DERMASON"
"2630","BOMBAY"
"2631","CALI"
"2632","SEKER"
"2633","SEKER"
"2634","DERMASON"
"2635","HOROZ"
"2636","BOMBAY"
"2637","BOMBAY"
"2638","SEKER"
"2639","DERMASON"
"2640","DERMASON"
"2641","SIRA"
"2642","SEKER"
"2643","HOROZ"
"2644","DERMASON"
"2645","SEKER"
"2646","DERMASON"
"2647","SEKER"
"2648","CALI"
"2649","HOROZ"
"2650","SEKER"
"2651","BOMBAY"
"2652","SIRA"
"2653","DERMASON"
"2654","BOMBAY"
"2655","SIRA"
"2656","HOROZ"
"2657","HOROZ"
"2658","BOMBAY"
"2659","SEKER"
"2660","SIRA"
"2661","HOROZ"
"2662","BOMBAY"
"2663","SIRA"
"2664","SIRA"
"2665","HOROZ"
"2666","BOMBAY"
"2667","SEKER"
"2668","BOMBAY"
"2669","SEKER"
"2670","CALI"
"2671","BOMBAY"
"2672","DERMASON"
"2673","HOROZ"
"2674","CALI"
"2675","DERMASON"
"2676","SIRA"
"2677","BOMBAY"
"2678","HOROZ"
"2679","CALI"
"2680","SEKER"
"2681","SEKER"
"2682","BOMBAY"
"2683","BOMBAY"
"2684","BOMBAY"
"2685","BOMBAY"
"2686","DERMASON"
"2687","SEKER"
"2688","BOMBAY"
"2689","BOMBAY"
"2690","DERMASON"
"2691","BOMBAY"
"2692","CALI"
"2693","SIRA"
"2694","SEKER"
"2695","SEKER"
"2696","BOMBAY"
"2697","SEKER"
"2698","DERMASON"
"2699","BOMBAY"
"2700","CALI"
"2701","CALI"
"2702","BOMBAY"
"2703","HOROZ"
"2704","DERMASON"
"2705","SEKER"
"2706","DERMASON"
"2707","BOMBAY"
"2708","SEKER"
"2709","SIRA"
"2710","BOMBAY"
"2711","SIRA"
"2712","CALI"
"2713","BOMBAY"
"2714","SEKER"
"2715","BOMBAY"
"2716","SIRA"
"2717","HOROZ"
"2718","CALI"
"2719","CALI"
"2720","CALI"
"2721","BOMBAY"
"2722","HOROZ"
"2723","CALI"
"2724","SIRA"
"2725","CALI"
"2726","SIRA"
"2727","SIRA"
"2728","SEKER"
"2729","CALI"
"2730","SEKER"
"2731","DERMASON"
"2732","CALI"
"2733","SIRA"
"2734","CALI"
"2735","SEKER"
"2736","SIRA"
"2737","DERMASON"
"2738","SIRA"
"2739","CALI"
"2740","SIRA"
"2741","SEKER"
"2742","SEKER"
"2743","SIRA"
"2744","DERMASON"
"2745","HOROZ"
"2746","BOMBAY"
"2747","DERMASON"
"2748","SIRA"
"2749","BOMBAY"
"2750","SEKER"
"2751","HOROZ"
"2752","BOMBAY"
"2753","SIRA"
"2754","HOROZ"
"2755","DERMASON"
"2756","HOROZ"
"2757","SIRA"
"2758","CALI"
"2759","SIRA"
"2760","DERMASON"
"2761","CALI"
"2762","HOROZ"
"2763","BOMBAY"
"2764","DERMASON"
"2765","DERMASON"
"2766","HOROZ"
"2767","SEKER"
"2768","DERMASON"
"2769","DERMASON"
"2770","DERMASON"
"2771","SEKER"
"2772","DERMASON"
"2773","SEKER"
"2774","BOMBAY"
"2775","SEKER"
"2776","CALI"
"2777","BOMBAY"
"2778","BOMBAY"
"2779","BOMBAY"
"2780","BOMBAY"
"2781","CALI"
"2782","HOROZ"
"2783","SIRA"
"2784","CALI"
"2785","CALI"
"2786","SEKER"
"2787","HOROZ"
"2788","SIRA"
"2789","SEKER"
"2790","DERMASON"
"2791","SIRA"
"2792","SIRA"
"2793","DERMASON"
"2794","CALI"
"2795","CALI"
"2796","CALI"
"2797","BOMBAY"
"2798","SIRA"
"2799","CALI"
"2800","HOROZ"
"2801","HOROZ"
"2802","CALI"
"2803","SEKER"
"2804","SEKER"
"2805","CALI"
"2806","SEKER"
"2807","HOROZ"
"2808","SEKER"
"2809","SEKER"
"2810","SEKER"
"2811","BOMBAY"
"2812","SEKER"
"2813","CALI"
"2814","CALI"
"2815","SEKER"
"2816","HOROZ"
"2817","HOROZ"
"2818","HOROZ"
"2819","SEKER"
"2820","SIRA"
"2821","HOROZ"
"2822","CALI"
"2823","SEKER"
"2824","HOROZ"
"2825","SEKER"
"2826","CALI"
"2827","BOMBAY"
"2828","SIRA"
"2829","CALI"
"2830","DERMASON"
"2831","SEKER"
"2832","DERMASON"
"2833","BOMBAY"
"2834","HOROZ"
"2835","BOMBAY"
"2836","CALI"
"2837","CALI"
"2838","SEKER"
"2839","SEKER"
"2840","HOROZ"
"2841","BOMBAY"
"2842","SIRA"
"2843","SIRA"
"2844","HOROZ"
"2845","SIRA"
"2846","CALI"
"2847","BOMBAY"
"2848","HOROZ"
"2849","CALI"
"2850","HOROZ"
"2851","HOROZ"
"2852","CALI"
"2853","SIRA"
"2854","CALI"
"2855","CALI"
"2856","HOROZ"
"2857","SEKER"
"2858","HOROZ"
"2859","DERMASON"
"2860","CALI"
"2861","CALI"
"2862","HOROZ"
"2863","BOMBAY"
"2864","SEKER"
"2865","SEKER"
"2866","SEKER"
"2867","SEKER"
"2868","DERMASON"
"2869","SIRA"
"2870","HOROZ"
"2871","BOMBAY"
"2872","BOMBAY"
"2873","BOMBAY"
"2874","BOMBAY"
"2875","SEKER"
"2876","SEKER"
"2877","HOROZ"
"2878","HOROZ"
"2879","BOMBAY"
"2880","SIRA"
"2881","CALI"
"2882","HOROZ"
"2883","CALI"
"2884","BOMBAY"
"2885","SEKER"
"2886","HOROZ"
"2887","BOMBAY"
"2888","SIRA"
"2889","HOROZ"
"2890","DERMASON"
"2891","DERMASON"
"2892","BOMBAY"
"2893","BOMBAY"
"2894","SIRA"
"2895","HOROZ"
"2896","SIRA"
"2897","BOMBAY"
"2898","BOMBAY"
"2899","BOMBAY"
"2900","SEKER"
"2901","DERMASON"
"2902","BOMBAY"
"2903","DERMASON"
"2904","BOMBAY"
"2905","CALI"
"2906","HOROZ"
"2907","HOROZ"
"2908","SEKER"
"2909","SEKER"
"2910","BOMBAY"
"2911","SIRA"
"2912","CALI"
"2913","HOROZ"
"2914","SEKER"
"2915","DERMASON"
"2916","BOMBAY"
"2917","CALI"
"2918","HOROZ"
"2919","HOROZ"
"2920","HOROZ"
"2921","CALI"
"2922","SIRA"
"2923","CALI"
"2924","SEKER"
"2925","SEKER"
"2926","HOROZ"
"2927","SEKER"
"2928","SEKER"
"2929","SEKER"
"2930","SEKER"
"2931","BOMBAY"
"2932","BOMBAY"
"2933","DERMASON"
"2934","SIRA"
"2935","BOMBAY"
"2936","CALI"
"2937","CALI"
"2938","HOROZ"
"2939","SIRA"
"2940","DERMASON"
"2941","SIRA"
"2942","SEKER"
"2943","BOMBAY"
"2944","BOMBAY"
"2945","SEKER"
"2946","CALI"
"2947","SIRA"
"2948","SEKER"
"2949","SEKER"
"2950","SEKER"
"2951","SIRA"
"2952","DERMASON"
"2953","SEKER"
"2954","BOMBAY"
"2955","SEKER"
"2956","BOMBAY"
"2957","DERMASON"
"2958","SIRA"
"2959","CALI"
"2960","HOROZ"
"2961","CALI"
"2962","HOROZ"
"2963","SIRA"
"2964","BOMBAY"
"2965","DERMASON"
"2966","CALI"
"2967","SEKER"
"2968","CALI"
"2969","CALI"
"2970","BOMBAY"
"2971","CALI"
"2972","BOMBAY"
"2973","HOROZ"
"2974","BOMBAY"
"2975","SIRA"
"2976","DERMASON"
"2977","DERMASON"
"2978","DERMASON"
"2979","BOMBAY"
"2980","HOROZ"
"2981","SIRA"
"2982","SEKER"
"2983","SEKER"
"2984","CALI"
"2985","CALI"
"2986","HOROZ"
"2987","SIRA"
"2988","SIRA"
"2989","SIRA"
"2990","SIRA"
"2991","CALI"
"2992","SIRA"
"2993","SIRA"
"2994","CALI"
"2995","DERMASON"
"2996","CALI"
"2997","HOROZ"
"2998","SIRA"
"2999","SEKER"
"3000","HOROZ"
